iter	F1	Logloss
0	0	0.5404218431
1	0	0.4266851797
2	0	0.3393030645
3	0	0.2763103391
4	0	0.2291531703
5	0	0.1944658908
6	0	0.1677056036
7	0	0.1488745569
8	0	0.1344916867
9	0	0.1231877543
10	0	0.11440195
11	0	0.1075705409
12	0	0.1019500291
13	0	0.09753774065
14	0	0.09429986291
15	0	0.09170753812
16	0	0.08947068883
17	0	0.08743584814
18	0	0.08568441832
19	0	0.08440520235
20	0	0.0835336222
21	0	0.08244715172
22	0	0.08165512439
23	0	0.08100935444
24	0	0.08042409238
25	0	0.07982697314
26	0	0.07954942679
27	0	0.07929331478
28	0	0.0788300656
29	0	0.07868216494
30	0	0.07855682911
31	0	0.07829694784
32	0	0.07804847652
33	0	0.07780094764
34	0	0.07765757383
35	0	0.07757795867
36	0	0.07737484032
37	0	0.07723339199
38	0	0.0770966379
39	0	0.07698418305
40	0	0.07691787755
41	0	0.07679536396
42	0	0.07675820236
43	0	0.07669403705
44	0	0.07660642897
45	0.0006973500697	0.07657595487
46	0.0006973500697	0.07641291624
47	0.0006973500697	0.07630783714
48	0.0006973500697	0.07623743363
49	0.0006973500697	0.07616129789
50	0.0006973500697	0.07604445239
51	0.0006973500697	0.07599473214
52	0.0006973500697	0.07592933273
53	0.0006973500697	0.07582145867
54	0.0006973500697	0.07577953022
55	0.0006973500697	0.07567133709
56	0.0006973500697	0.07562643399
57	0.0006973500697	0.07556586872
58	0.0006973500697	0.07549773406
59	0.001394214012	0.07546315303
60	0.001394214012	0.07544498688
61	0.001394214012	0.07540413131
62	0.001394214012	0.07538274228
63	0.001394214012	0.07534947559
64	0.002090592334	0.07530376909
65	0.002090592334	0.07529613013
66	0.002090592334	0.07524356972
67	0.002090592334	0.07520876105
68	0.002090592334	0.07519126568
69	0.002090592334	0.07516401962
70	0.002090592334	0.07504819202
71	0.002090592334	0.07501250817
72	0.002090592334	0.07493710466
73	0.002090592334	0.07488843094
74	0.002090592334	0.07485052995
75	0.002090592334	0.07483361458
76	0.002786485545	0.07478885563
77	0.002786485545	0.07473522056
78	0.004176818656	0.07470095458
79	0.005565217391	0.07467146822
80	0.005565217391	0.07462414605
81	0.005565217391	0.07457492256
82	0.005565217391	0.07455815506
83	0.005565217391	0.07454410326
84	0.006951685784	0.07450110827
85	0.006951685784	0.07445242689
86	0.007644197359	0.07442875541
87	0.007644197359	0.07440338654
88	0.007644197359	0.07436500435
89	0.008336227857	0.0743371235
90	0.008336227857	0.07431075219
91	0.009027777778	0.07428840185
92	0.009718847622	0.07426551667
93	0.009718847622	0.07425592772
94	0.009718847622	0.07422108255
95	0.009718847622	0.07418863048
96	0.01109954908	0.07416728595
97	0.01109954908	0.07409790828
98	0.01109954908	0.07405310168
99	0.01109954908	0.07402514416
100	0.01247833622	0.07399359479
101	0.01178918169	0.07396290036
102	0.01247833622	0.07395081946
103	0.01247833622	0.07393789856
104	0.01247833622	0.0739324593
105	0.01109954908	0.07390903128
106	0.01109954908	0.07388079262
107	0.01178918169	0.07385310353
108	0.01247833622	0.07380555301
109	0.01247833622	0.07376513109
110	0.01247833622	0.07373502366
111	0.01247833622	0.07371106782
112	0.01316701317	0.07369302612
113	0.01316701317	0.07363765086
114	0.01316701317	0.07362649361
115	0.01316701317	0.07359945697
116	0.01454293629	0.07356800127
117	0.01454293629	0.07352740832
118	0.01523018345	0.07351391766
119	0.01523018345	0.07349422252
120	0.01523018345	0.07347214852
121	0.01523018345	0.07346048451
122	0.01523018345	0.07345531947
123	0.01591695502	0.07344920414
124	0.01591695502	0.07342232781
125	0.01728907331	0.07340649718
126	0.01591695502	0.07338090221
127	0.01865929509	0.07335484666
128	0.01934369603	0.07332149658
129	0.01934369603	0.07331816304
130	0.02071108043	0.07328309904
131	0.02139406487	0.07326465031
132	0.02071108043	0.07326170629
133	0.02139406487	0.07325739059
134	0.02139406487	0.07324209442
135	0.02275862069	0.07323131353
136	0.02275862069	0.07322811163
137	0.02275862069	0.07321532456
138	0.02275862069	0.07317929414
139	0.02275862069	0.07317717392
140	0.02275862069	0.07314566103
141	0.02344019304	0.07312423526
142	0.02344019304	0.07310184726
143	0.02344019304	0.07308274137
144	0.02412129566	0.07306392309
145	0.02480192904	0.07304901987
146	0.02480192904	0.07300321843
147	0.02480192904	0.07295998054
148	0.02480192904	0.0729192673
149	0.02616179002	0.07287173629
150	0.02616179002	0.07284347081
151	0.02751977984	0.07282610956
152	0.02887590237	0.07280176857
153	0.02887590237	0.07277093615
154	0.02887590237	0.07275729263
155	0.02887590237	0.0727371893
156	0.02887590237	0.07270808385
157	0.0295532646	0.07265905225
158	0.0295532646	0.07263908041
159	0.0295532646	0.07259543318
160	0.0295532646	0.07255744652
161	0.0295532646	0.07252511802
162	0.03158256093	0.07251082107
163	0.03293310463	0.07247388141
164	0.03293310463	0.07244315485
165	0.03360768176	0.07241118101
166	0.03360768176	0.07238474192
167	0.03495544894	0.07236107047
168	0.03495544894	0.07233636042
169	0.03495544894	0.07231721094
170	0.03495544894	0.07227752082
171	0.03562863995	0.07226792694
172	0.03562863995	0.07222502318
173	0.03562863995	0.07219862024
174	0.03562863995	0.07216244246
175	0.03697363916	0.07213764077
176	0.03630136986	0.07211621461
177	0.03630136986	0.07209797569
178	0.03697363916	0.07208443537
179	0.03697363916	0.07205692574
180	0.03562863995	0.0720382712
181	0.03562863995	0.07202817006
182	0.03562863995	0.07201037037
183	0.03697363916	0.07198488912
184	0.03697363916	0.07197096191
185	0.03764544832	0.07195572125
186	0.03831679781	0.07194498255
187	0.04032809296	0.07192356808
188	0.04099760847	0.07188032123
189	0.04032809296	0.071857399
190	0.04032809296	0.07184068982
191	0.04032809296	0.07182858227
192	0.04099760847	0.07181372941
193	0.04099760847	0.07177432616
194	0.04099760847	0.07174329111
195	0.04099760847	0.07168731208
196	0.04098360656	0.0716677676
197	0.04099760847	0.07164907692
198	0.04166666667	0.07163528692
199	0.04232081911	0.07162814072
200	0.04232081911	0.07160683563
201	0.04232081911	0.07160054438
202	0.04365620737	0.07157713981
203	0.04365620737	0.07155799141
204	0.04365620737	0.07154983859
205	0.04432321855	0.07152974958
206	0.04432321855	0.07150098392
207	0.04433833561	0.07146694302
208	0.04432321855	0.07145608704
209	0.04432321855	0.07145314435
210	0.04500511422	0.07144400829
211	0.04500511422	0.07139953333
212	0.04567143831	0.071381538
213	0.04633730835	0.07136519716
214	0.04633730835	0.0713619966
215	0.04633730835	0.07134742538
216	0.04633730835	0.071328082
217	0.04633730835	0.07130833931
218	0.04633730835	0.07130432728
219	0.04632152589	0.07129302323
220	0.04632152589	0.07126846934
221	0.04632152589	0.07125137732
222	0.04697072839	0.07123444841
223	0.04632152589	0.07122638951
224	0.04698672114	0.07121065356
225	0.04632152589	0.07119002248
226	0.04698672114	0.07118475605
227	0.04765146358	0.07117390197
228	0.04766768812	0.07115334897
229	0.04766768812	0.07115083889
230	0.0470027248	0.07113801953
231	0.04965986395	0.07111820356
232	0.04965986395	0.07109998128
233	0.05032301938	0.07109552336
234	0.05032301938	0.07108435909
235	0.050985724	0.07106929264
236	0.050985724	0.07106577085
237	0.050985724	0.07106197587
238	0.050985724	0.07105679394
239	0.05164797825	0.07105220018
240	0.05164797825	0.07102926026
241	0.05164797825	0.07101344018
242	0.050985724	0.07098515927
243	0.05164797825	0.07097580925
244	0.05163043478	0.07096896993
245	0.05161290323	0.07095405459
246	0.0522742702	0.07093874293
247	0.05495251018	0.07092640111
248	0.05495251018	0.07091063298
249	0.05495251018	0.070903534
250	0.05495251018	0.07089094859
251	0.05495251018	0.07087934503
252	0.05495251018	0.07086427468
253	0.05429250085	0.07084623481
254	0.05363204345	0.07084113545
255	0.05429250085	0.07082682763
256	0.05429250085	0.070817089
257	0.05495251018	0.07081426821
258	0.05561207189	0.0708068757
259	0.05561207189	0.07080282361
260	0.05561207189	0.07078842477
261	0.05627118644	0.07076412737
262	0.05627118644	0.07072929983
263	0.05627118644	0.07071375954
264	0.05561207189	0.07069458616
265	0.05561207189	0.07068539008
266	0.05561207189	0.07065866937
267	0.05495251018	0.07065291161
268	0.05758807588	0.07064279729
269	0.05758807588	0.07063678224
270	0.05758807588	0.07063317603
271	0.05824585168	0.07062397717
272	0.05692985429	0.07061818799
273	0.05824585168	0.07060617601
274	0.05758807588	0.07058633436
275	0.05824585168	0.07055635477
276	0.05822613406	0.07054510585
277	0.05822613406	0.07053200099
278	0.05886332882	0.07050566175
279	0.05820642978	0.07048572616
280	0.05824585168	0.07047379765
281	0.05824585168	0.07046741649
282	0.05890318213	0.07045649241
283	0.05956006768	0.07045065568
284	0.06019614474	0.07043697092
285	0.06017579446	0.07042685147
286	0.06017579446	0.0704234927
287	0.06083136195	0.0704093042
288	0.06083136195	0.070403019
289	0.06083136195	0.07038753503
290	0.06083136195	0.07038210003
291	0.06148648649	0.07036708311
292	0.06148648649	0.07036400821
293	0.06148648649	0.07036010693
294	0.06148648649	0.07034364022
295	0.06148648649	0.07033237537
296	0.06148648649	0.07032786655
297	0.06148648649	0.07031812661
298	0.06148648649	0.07030870298
299	0.06148648649	0.07029495365
300	0.06148648649	0.07028585468
301	0.06214116852	0.07026648732
302	0.06214116852	0.07025622109
303	0.06214116852	0.07024194459
304	0.06279540851	0.07023197305
305	0.06344920688	0.07022074009
306	0.0641025641	0.0702177085
307	0.06344920688	0.07020690195
308	0.06214116852	0.07020244876
309	0.06214116852	0.07019878222
310	0.06214116852	0.07018427785
311	0.0641025641	0.0701703887
312	0.06540795684	0.07015942799
313	0.0673627484	0.07014673864
314	0.06801346801	0.0701248966
315	0.0673627484	0.07011196293
316	0.0673627484	0.07010592936
317	0.0673627484	0.07008458167
318	0.0673627484	0.07005764696
319	0.0673627484	0.07004058743
320	0.0673627484	0.07002759505
321	0.0667115903	0.07001254412
322	0.0673627484	0.07000152238
323	0.0673627484	0.06998845386
324	0.0673627484	0.06997655022
325	0.06801346801	0.06997221459
326	0.06801346801	0.06996021285
327	0.06864064603	0.06995423801
328	0.06796769852	0.0699500546
329	0.06864064603	0.06994260973
330	0.06864064603	0.06993172975
331	0.06866374958	0.06992762541
332	0.06864064603	0.06991690106
333	0.06799057556	0.0699038287
334	0.06996300034	0.06988775326
335	0.06996300034	0.06987565455
336	0.06996300034	0.06987273598
337	0.06996300034	0.06986818565
338	0.06931359354	0.06986358372
339	0.06931359354	0.06985992573
340	0.07061197041	0.06984747348
341	0.07061197041	0.06983740756
342	0.07058823529	0.06982515888
343	0.07121263016	0.06982003862
344	0.07123655914	0.06981312726
345	0.07056451613	0.06980501235
346	0.07121263016	0.06979530565
347	0.07250755287	0.0697829859
348	0.07186030893	0.06977317461
349	0.07186030893	0.06976042562
350	0.07250755287	0.06975225192
351	0.07250755287	0.0697471104
352	0.07186030893	0.06973968355
353	0.0731789191	0.06972261419
354	0.0731789191	0.0697113228
355	0.07315436242	0.06970184067
356	0.07380073801	0.06969130947
357	0.07380073801	0.06968369764
358	0.07315436242	0.06967537232
359	0.07380073801	0.06966736432
360	0.07380073801	0.06965823789
361	0.07380073801	0.06965335652
362	0.07380073801	0.06964917653
363	0.07380073801	0.0696390887
364	0.07380073801	0.06962912426
365	0.07380073801	0.06962579118
366	0.07380073801	0.06962319088
367	0.07573726542	0.06961207073
368	0.07638190955	0.06960685579
369	0.07638190955	0.06959500393
370	0.07638190955	0.06958785557
371	0.0770261219	0.06957120425
372	0.07766990291	0.06955917709
373	0.07766990291	0.06955329689
374	0.07766990291	0.06953287718
375	0.07766990291	0.06952346877
376	0.07831325301	0.069517261
377	0.07831325301	0.06950650038
378	0.07831325301	0.06948672867
379	0.07831325301	0.06947717707
380	0.07831325301	0.06946211055
381	0.07831325301	0.06944948263
382	0.07831325301	0.06944593933
383	0.07895617263	0.0694436733
384	0.07895617263	0.06943956618
385	0.07895617263	0.0694349807
386	0.07895617263	0.06943087624
387	0.07831325301	0.06941511195
388	0.07831325301	0.06940952946
389	0.07831325301	0.0693941808
390	0.07831325301	0.06938994157
391	0.07831325301	0.06937579003
392	0.07892976589	0.06935401913
393	0.07892976589	0.06934068334
394	0.07892976589	0.06933187215
395	0.0808553291	0.0693148125
396	0.0808553291	0.06930023723
397	0.0808553291	0.06929628136
398	0.08021390374	0.0692897564
399	0.08021390374	0.0692700841
400	0.0808553291	0.06926493669
401	0.08149632599	0.06926151848
402	0.08149632599	0.06925926635
403	0.08149632599	0.0692533271
404	0.08149632599	0.06924253736
405	0.08149632599	0.06922381864
406	0.08149632599	0.06921356524
407	0.08149632599	0.06920537706
408	0.08213689482	0.06918745342
409	0.08341675008	0.06916836009
410	0.08213689482	0.06915953414
411	0.08213689482	0.06915103829
412	0.08213689482	0.06914175367
413	0.08277703605	0.06913566165
414	0.08277703605	0.06912179732
415	0.08341675008	0.06911279377
416	0.08341675008	0.06910952662
417	0.08341675008	0.06909947017
418	0.08405603736	0.06908321827
419	0.0846948983	0.06907687927
420	0.08466666667	0.06905822288
421	0.08466666667	0.06905553878
422	0.08466666667	0.06904460525
423	0.08466666667	0.06903657209
424	0.08466666667	0.06903074551
425	0.08466666667	0.06902578538
426	0.08530489837	0.06902279112
427	0.08530489837	0.069020162
428	0.08530489837	0.06901663869
429	0.08530489837	0.06901417098
430	0.08530489837	0.06901115896
431	0.08594270486	0.06899537264
432	0.08594270486	0.06898821783
433	0.08594270486	0.06898004001
434	0.08594270486	0.06895221878
435	0.08658008658	0.06893612886
436	0.08658008658	0.06892813259
437	0.08658008658	0.0689225724
438	0.08658008658	0.06890958897
439	0.08658008658	0.06890211083
440	0.08658008658	0.06888063676
441	0.08658008658	0.06887189506
442	0.08658008658	0.06884482453
443	0.08658008658	0.06883200818
444	0.08785357737	0.06881719064
445	0.08785357737	0.06881214561
446	0.08785357737	0.06880101884
447	0.08848968729	0.06879526022
448	0.08848968729	0.06877955365
449	0.08848968729	0.068776754
450	0.08848968729	0.06877488113
451	0.08848968729	0.06876859069
452	0.08912537413	0.06875358536
453	0.0897606383	0.06874090055
454	0.09102990033	0.0687288301
455	0.09166389904	0.06871317737
456	0.09166389904	0.06870872874
457	0.09166389904	0.06870461538
458	0.09229747676	0.06868220028
459	0.09229747676	0.06867191607
460	0.09229747676	0.06866927684
461	0.09229747676	0.06866353702
462	0.09166389904	0.06865210989
463	0.09166389904	0.0686386217
464	0.09166389904	0.06861890523
465	0.09166389904	0.06861197763
466	0.09356337094	0.06859813233
467	0.09356337094	0.06859446611
468	0.09356337094	0.06859183515
469	0.09356337094	0.06858724947
470	0.09356337094	0.06857001291
471	0.09356337094	0.06856650184
472	0.09356337094	0.06855978746
473	0.09356337094	0.06854329755
474	0.09356337094	0.06853475855
475	0.09356337094	0.06852674994
476	0.09356337094	0.068508569
477	0.09356337094	0.06849948743
478	0.09419568823	0.06848423042
479	0.09419568823	0.06846302084
480	0.09419568823	0.06845957544
481	0.09419568823	0.06844477173
482	0.09419568823	0.06843957633
483	0.09419568823	0.06843563848
484	0.09419568823	0.06842911276
485	0.09419568823	0.06842689093
486	0.09419568823	0.06841272732
487	0.09419568823	0.06840078371
488	0.09419568823	0.06839151935
489	0.09419568823	0.06838958331
490	0.09419568823	0.06837795099
491	0.09419568823	0.06837228502
492	0.09419568823	0.06836972601
493	0.09419568823	0.06836666988
494	0.09356337094	0.06835863438
495	0.09356337094	0.06835171145
496	0.09356337094	0.06834988536
497	0.09356337094	0.06834451622
498	0.09356337094	0.06833122668
499	0.09356337094	0.06831287018
500	0.09359442416	0.06830260599
501	0.09359442416	0.06828533467
502	0.09359442416	0.06827843626
503	0.09359442416	0.06826406049
504	0.09422694094	0.06825342772
505	0.09359442416	0.06825079895
506	0.09422694094	0.06824575229
507	0.09422694094	0.06823629347
508	0.09485903814	0.06823190968
509	0.09485903814	0.06822919697
510	0.09485903814	0.0682155779
511	0.09612197547	0.06820313571
512	0.09609012591	0.06819127183
513	0.09609012591	0.06818009726
514	0.09609012591	0.06816146621
515	0.09609012591	0.06814563155
516	0.09609012591	0.06813402805
517	0.09609012591	0.06812502747
518	0.09609012591	0.06811884431
519	0.09609012591	0.06810893627
520	0.09609012591	0.06810233931
521	0.09672076847	0.06809536546
522	0.09672076847	0.0680937802
523	0.09735099338	0.06808695515
524	0.09735099338	0.06807354366
525	0.09735099338	0.06806386363
526	0.09798080106	0.06806002372
527	0.09798080106	0.0680541304
528	0.09861019193	0.06804809313
529	0.09861019193	0.06803522603
530	0.09861019193	0.0680154053
531	0.09861019193	0.06800918965
532	0.0986428335	0.06800572553
533	0.0986428335	0.06799900064
534	0.09927200529	0.06799637446
535	0.09927200529	0.06799492578
536	0.09927200529	0.06796727463
537	0.09927200529	0.06795832196
538	0.09990076083	0.06794674803
539	0.09990076083	0.06792399301
540	0.09990076083	0.0679152342
541	0.09927200529	0.06791002566
542	0.09927200529	0.06790716886
543	0.09927200529	0.06790422724
544	0.09927200529	0.06790289393
545	0.1011570248	0.06789195472
546	0.1011570248	0.06788510789
547	0.1011570248	0.06788276158
548	0.101784534	0.06786257237
549	0.101784534	0.06784365655
550	0.101784534	0.06782971439
551	0.101784534	0.06781715227
552	0.101784534	0.0678110098
553	0.1024116287	0.06780667083
554	0.1030383091	0.06779801723
555	0.1030723489	0.06778388426
556	0.1030723489	0.06778232883
557	0.1030723489	0.06777981625
558	0.1030723489	0.06777654086
559	0.1030723489	0.06776939063
560	0.1030723489	0.06775179312
561	0.1024454726	0.06773370928
562	0.1024454726	0.06772813412
563	0.1024454726	0.06772279515
564	0.1024454726	0.06771237972
565	0.1024454726	0.06770732248
566	0.1024454726	0.06770016559
567	0.1018181818	0.06769106264
568	0.1018181818	0.06768027001
569	0.1018181818	0.06767025703
570	0.1024454726	0.06765578982
571	0.1030723489	0.06764417233
572	0.1030723489	0.06764171669
573	0.1036988111	0.06762473299
574	0.1036988111	0.06762305457
575	0.1036988111	0.06761522103
576	0.1036988111	0.06761230473
577	0.1036988111	0.06760963544
578	0.1036988111	0.0675889654
579	0.1036988111	0.06758787816
580	0.1036988111	0.0675820278
581	0.1030723489	0.06757600248
582	0.1030723489	0.06755591832
583	0.1030723489	0.06754188146
584	0.1030723489	0.06753581014
585	0.1030723489	0.06752911905
586	0.1030723489	0.06752358464
587	0.1030723489	0.06750134848
588	0.1030723489	0.06749925949
589	0.1030723489	0.06748406533
590	0.1030723489	0.06747016102
591	0.1030723489	0.0674560829
592	0.1030723489	0.06744331368
593	0.1030723489	0.06744185242
594	0.1030723489	0.0674367481
595	0.1030723489	0.06742389822
596	0.1030723489	0.06741207081
597	0.1030723489	0.06740556618
598	0.1030723489	0.06739676263
599	0.1030723489	0.06737965264
600	0.1030723489	0.06736957637
601	0.1030723489	0.06736583186
602	0.1024454726	0.06735774842
603	0.1024454726	0.06734344562
604	0.1024454726	0.06734154653
605	0.1024454726	0.067330124
606	0.1030723489	0.06731269612
607	0.1030723489	0.06730692432
608	0.1036988111	0.06729179678
609	0.1030723489	0.06728823993
610	0.1031064111	0.06728310119
611	0.103733069	0.06727593538
612	0.103733069	0.06726625784
613	0.1031064111	0.06726300331
614	0.1031064111	0.06725726415
615	0.103733069	0.06725409911
616	0.103733069	0.06724305329
617	0.103733069	0.06723461257
618	0.103733069	0.06721789841
619	0.103733069	0.06720990823
620	0.1043593131	0.06719614647
621	0.1049851436	0.06719437096
622	0.104950495	0.06718995606
623	0.104950495	0.06718546967
624	0.104950495	0.06718285582
625	0.1055757176	0.06718070599
626	0.1055757176	0.0671748383
627	0.1055757176	0.06717465292
628	0.1062005277	0.06717286246
629	0.1062005277	0.06716798113
630	0.1062005277	0.06716372543
631	0.1062005277	0.06715903493
632	0.1055757176	0.0671528652
633	0.104950495	0.06714613823
634	0.104950495	0.06714242736
635	0.104950495	0.06713918529
636	0.1055757176	0.06713538876
637	0.1055757176	0.06713040037
638	0.1068249258	0.06712155596
639	0.1062005277	0.06711938684
640	0.1062005277	0.06711653945
641	0.1068249258	0.06711518073
642	0.1068249258	0.06710889092
643	0.1074489123	0.06710516412
644	0.1074489123	0.06710100488
645	0.1074489123	0.06709535607
646	0.1074489123	0.06707338399
647	0.1074489123	0.06707089953
648	0.1080724876	0.06706237644
649	0.1080724876	0.06705593452
650	0.1080724876	0.06704285578
651	0.1080724876	0.06703282178
652	0.1093184063	0.06702607985
653	0.1080724876	0.06702140314
654	0.1086956522	0.06701916563
655	0.1093184063	0.06701197781
656	0.1099407505	0.06700430287
657	0.1099407505	0.06699793649
658	0.1099407505	0.06698121191
659	0.1099407505	0.06697704374
660	0.1099407505	0.06697243166
661	0.1099407505	0.06696641378
662	0.1099407505	0.06696452087
663	0.1099045739	0.06695302934
664	0.1099045739	0.06695045722
665	0.1099045739	0.06694249742
666	0.1099045739	0.0669357471
667	0.1099045739	0.06693034905
668	0.1105263158	0.06691996681
669	0.1105263158	0.06691905129
670	0.1105263158	0.06691215048
671	0.1105263158	0.0669070991
672	0.1105263158	0.06689803436
673	0.1105263158	0.06688549691
674	0.1123890897	0.06687903916
675	0.1123890897	0.06686969295
676	0.1123890897	0.0668676503
677	0.1123890897	0.06685743417
678	0.1123890897	0.06684872575
679	0.1123890897	0.06684782109
680	0.1123890897	0.06683035329
681	0.1123890897	0.06682638104
682	0.1123890897	0.06681307819
683	0.1130091984	0.06680134025
684	0.1130091984	0.066796758
685	0.1130091984	0.0667942629
686	0.1130091984	0.06677948887
687	0.1130091984	0.0667744815
688	0.1130091984	0.06676831826
689	0.1136288998	0.06676534583
690	0.1136288998	0.06675458597
691	0.1136288998	0.06675241528
692	0.1142481944	0.06674109763
693	0.1148670824	0.06673360825
694	0.1136288998	0.06672497999
695	0.1136288998	0.06672136898
696	0.1136288998	0.06671585257
697	0.1142481944	0.06671309584
698	0.1142481944	0.06670626963
699	0.1142481944	0.06670183031
700	0.1142481944	0.06669611395
701	0.1142481944	0.06669233355
702	0.1148670824	0.06668327764
703	0.1148670824	0.06667847446
704	0.1154855643	0.06667457352
705	0.1154855643	0.06666967988
706	0.1154855643	0.06666424956
707	0.1148670824	0.06665856471
708	0.1161036405	0.06665584058
709	0.1161036405	0.06665064066
710	0.1167213115	0.06664129474
711	0.1167213115	0.0666383507
712	0.1173385775	0.06662702848
713	0.1173770492	0.06662243848
714	0.1173770492	0.06661936266
715	0.1179554391	0.06661862473
716	0.1179554391	0.0666147405
717	0.1179554391	0.06660028703
718	0.1179941003	0.06659319615
719	0.1179941003	0.06658382004
720	0.1179941003	0.06658067305
721	0.1186107471	0.06657511983
722	0.1186107471	0.06657018265
723	0.1192269898	0.06656643087
724	0.1192269898	0.06656336819
725	0.1192269898	0.06655660786
726	0.1192269898	0.06654831258
727	0.1191879502	0.06653921148
728	0.1191879502	0.06653701842
729	0.1185718965	0.06652907378
730	0.1191879502	0.06652434778
731	0.1191879502	0.06652179314
732	0.1186107471	0.0665202588
733	0.1186107471	0.06650758313
734	0.1186107471	0.06649333985
735	0.1179941003	0.0664801723
736	0.1179941003	0.06647674276
737	0.1186107471	0.06646598745
738	0.1186107471	0.06646046723
739	0.1192269898	0.06645772378
740	0.1192269898	0.06643900138
741	0.1192269898	0.06643378593
742	0.1192269898	0.06642635466
743	0.1198428291	0.06641564603
744	0.1198428291	0.06640743196
745	0.1204582651	0.06639987515
746	0.1204582651	0.06638814128
747	0.1204582651	0.06638143071
748	0.1204582651	0.06637913522
749	0.1204582651	0.06636289778
750	0.1198428291	0.0663464654
751	0.1204582651	0.06633739862
752	0.1210732984	0.06632978381
753	0.1210732984	0.06632345751
754	0.1210732984	0.06631568865
755	0.1204582651	0.06631183869
756	0.1210732984	0.06630629125
757	0.1210732984	0.06630180671
758	0.1210732984	0.0663008645
759	0.1210732984	0.06629644499
760	0.1210732984	0.06628930828
761	0.1210732984	0.06628688135
762	0.1210732984	0.06627502735
763	0.1210732984	0.06626106192
764	0.1210732984	0.06625576602
765	0.1210732984	0.06625203682
766	0.1210732984	0.06624815104
767	0.1216879293	0.06623108847
768	0.1216879293	0.06622547979
769	0.121648136	0.0662141306
770	0.121648136	0.0662116277
771	0.121648136	0.06619386825
772	0.121648136	0.06617896987
773	0.121648136	0.06617014656
774	0.121648136	0.06616792545
775	0.122875817	0.06616162664
776	0.1222621772	0.06615400369
777	0.1222621772	0.06614342821
778	0.122875817	0.0661362646
779	0.1234890559	0.06611358741
780	0.1241018942	0.06610838644
781	0.1241018942	0.06609512627
782	0.1234890559	0.06608381317
783	0.1234890559	0.06607309849
784	0.1234890559	0.06606675049
785	0.1234890559	0.06606238428
786	0.1241018942	0.0660437846
787	0.1247143324	0.0660426209
788	0.1247143324	0.06604146717
789	0.1252854812	0.06603782415
790	0.1252854812	0.0660309381
791	0.1258969341	0.06602288268
792	0.1258969341	0.06600186404
793	0.1271186441	0.06599317987
794	0.1271186441	0.06597439953
795	0.1271186441	0.06596267849
796	0.1271186441	0.06595683365
797	0.1271186441	0.06595210321
798	0.1271186441	0.06594290152
799	0.1271186441	0.06593426711
800	0.1271186441	0.06592635241
801	0.1271186441	0.0659242596
802	0.1277289019	0.06591554023
803	0.1277289019	0.06591058116
804	0.1271186441	0.06590745751
805	0.1271186441	0.06590013084
806	0.1271186441	0.06589474533
807	0.1271186441	0.06589232566
808	0.1271186441	0.06587882714
809	0.1265079883	0.06587152408
810	0.1277289019	0.06586149046
811	0.1283387622	0.06585316197
812	0.1277289019	0.06584441621
813	0.1283387622	0.06583792361
814	0.1277289019	0.06583299841
815	0.1277289019	0.06582995539
816	0.1271600913	0.06582865513
817	0.1271600913	0.06582370163
818	0.1271600913	0.06581657145
819	0.1271600913	0.06580724456
820	0.1271600913	0.06580646295
821	0.1271600913	0.06580371497
822	0.1271600913	0.06580258658
823	0.1271600913	0.06579482984
824	0.1271600913	0.06578181122
825	0.1271600913	0.06577710718
826	0.1271600913	0.0657728838
827	0.1271600913	0.0657713888
828	0.1277705346	0.06576416384
829	0.12838058	0.06575918731
830	0.12838058	0.06575218572
831	0.1277705346	0.06574143121
832	0.1277705346	0.06573975432
833	0.1277705346	0.06573392153
834	0.1277705346	0.06571431374
835	0.1277705346	0.06570839777
836	0.1277705346	0.06569349774
837	0.12838058	0.06568790014
838	0.12838058	0.06568011501
839	0.1277705346	0.06567281764
840	0.1277705346	0.06565894981
841	0.1277705346	0.0656469744
842	0.128990228	0.06564045888
843	0.128990228	0.06562992956
844	0.128990228	0.0656202158
845	0.128990228	0.06560827946
846	0.128990228	0.06559670749
847	0.128990228	0.06559558894
848	0.128990228	0.06559420229
849	0.128990228	0.0655880682
850	0.128990228	0.06558431208
851	0.129599479	0.06558136751
852	0.129599479	0.06557276553
853	0.128990228	0.06555990248
854	0.129599479	0.06555173436
855	0.128990228	0.06554757126
856	0.128990228	0.06554496218
857	0.12838058	0.06553109503
858	0.129599479	0.06552178395
859	0.128990228	0.06551322366
860	0.129599479	0.06551008959
861	0.128990228	0.06550689392
862	0.128990228	0.06549638554
863	0.128990228	0.06548838601
864	0.128990228	0.06548326956
865	0.128990228	0.06547922444
866	0.1302083333	0.06547653153
867	0.1302083333	0.06547435739
868	0.1302083333	0.06546786019
869	0.129599479	0.06546619951
870	0.1302083333	0.06546278461
871	0.1308167914	0.06545746237
872	0.1308167914	0.06544808701
873	0.1308167914	0.06544291681
874	0.1308167914	0.06543373104
875	0.1308167914	0.06542673905
876	0.1308167914	0.06541972081
877	0.1308167914	0.06541352921
878	0.1308167914	0.06539315347
879	0.1302083333	0.06538639452
880	0.1302083333	0.0653831594
881	0.1302083333	0.06537913851
882	0.1302083333	0.06536678367
883	0.1302083333	0.06536422212
884	0.1308167914	0.06535489087
885	0.1308167914	0.06534291324
886	0.1308167914	0.06533653738
887	0.1308167914	0.06533380008
888	0.1308167914	0.06532305481
889	0.1308167914	0.0653185951
890	0.1314248536	0.06531337009
891	0.1314248536	0.06531231601
892	0.1308167914	0.0653049836
893	0.1308167914	0.06530062076
894	0.1314248536	0.06529216962
895	0.1314248536	0.06528999127
896	0.1314248536	0.06528602158
897	0.1314248536	0.0652729507
898	0.1314248536	0.06526547461
899	0.1314248536	0.06526060207
900	0.1314248536	0.06525868804
901	0.1314248536	0.06525075897
902	0.1314248536	0.06523410547
903	0.1314248536	0.06522681509
904	0.1314248536	0.0652168389
905	0.1314248536	0.06520923835
906	0.1308167914	0.06520203068
907	0.1314248536	0.06520010401
908	0.1314248536	0.0651923227
909	0.1314248536	0.06518736191
910	0.1314248536	0.06517730617
911	0.1314248536	0.06517019935
912	0.1314248536	0.06516503146
913	0.1314248536	0.06515314649
914	0.1314248536	0.06514928562
915	0.1314248536	0.06514311287
916	0.1320325203	0.06513510921
917	0.1326397919	0.06512742264
918	0.1326397919	0.06511851164
919	0.1326397919	0.06511344985
920	0.1326397919	0.06510965099
921	0.1332466688	0.06509830159
922	0.1332466688	0.06508855753
923	0.1332466688	0.0650845795
924	0.1332466688	0.06507677453
925	0.1338531514	0.06507339352
926	0.1332466688	0.06506883216
927	0.1332466688	0.0650526738
928	0.1338531514	0.06503642142
929	0.1338531514	0.06501981883
930	0.1338531514	0.06501412809
931	0.1338531514	0.0650064575
932	0.13445924	0.06499923214
933	0.1350649351	0.06499290663
934	0.1368796627	0.06498789068
935	0.1368796627	0.06498448427
936	0.1368796627	0.06498208379
937	0.1368796627	0.06497898117
938	0.1368796627	0.06497127084
939	0.1368796627	0.06496886219
940	0.1368796627	0.06496802982
941	0.1368796627	0.06496402297
942	0.1368796627	0.06495045839
943	0.1356702369	0.06494758885
944	0.1356702369	0.06494548057
945	0.136275146	0.06494303722
946	0.1356702369	0.06492790385
947	0.1356702369	0.06492385556
948	0.1356702369	0.06491720184
949	0.1356702369	0.06490803145
950	0.1350649351	0.06489757024
951	0.1350649351	0.06488786317
952	0.1350649351	0.06487729328
953	0.1350649351	0.0648723584
954	0.1356702369	0.06486534769
955	0.136275146	0.06486457797
956	0.136275146	0.06486127284
957	0.136275146	0.06484483045
958	0.1356702369	0.06482753102
959	0.1356702369	0.06482319974
960	0.1356702369	0.06482178085
961	0.1356702369	0.06481353118
962	0.136275146	0.06480194482
963	0.136275146	0.06479388256
964	0.136275146	0.06479013377
965	0.1368796627	0.06477469461
966	0.1356702369	0.06476678657
967	0.1356702369	0.06476182112
968	0.136275146	0.06474856695
969	0.1374837873	0.06474302177
970	0.1374837873	0.06473403011
971	0.1380875203	0.06472809003
972	0.1380875203	0.06472012116
973	0.1380875203	0.06470983541
974	0.1380875203	0.06470857654
975	0.1380875203	0.06470729544
976	0.1380875203	0.06470429314
977	0.1380875203	0.06469237514
978	0.1398963731	0.06468724286
979	0.1398963731	0.06468505828
980	0.1398963731	0.06467830164
981	0.1398963731	0.06466563712
982	0.1398963731	0.06466243523
983	0.1411003236	0.06466028643
984	0.1411003236	0.06465659464
985	0.1411003236	0.06465119691
986	0.1398963731	0.06464898711
987	0.1398963731	0.06464385755
988	0.1398963731	0.06463917716
989	0.1398963731	0.06463335208
990	0.1398963731	0.06462657488
991	0.1398963731	0.06462049633
992	0.1398963731	0.06461063056
993	0.1398963731	0.0646060283
994	0.1398963731	0.06460532167
995	0.1404985432	0.06459606172
996	0.1411003236	0.06458976025
997	0.1411003236	0.06457606978
998	0.1411003236	0.06457284673
999	0.1411003236	0.06456571534
1000	0.1411003236	0.06455758631
1001	0.1423027167	0.06455051864
1002	0.1423027167	0.064541163
1003	0.1423027167	0.06453678195
1004	0.1423027167	0.0645246423
1005	0.1423027167	0.06451885029
1006	0.1417017147	0.06451269437
1007	0.1417017147	0.06450574662
1008	0.1417017147	0.06449056547
1009	0.1423027167	0.06448153841
1010	0.1423027167	0.06447487208
1011	0.1423027167	0.06446135608
1012	0.1423027167	0.0644583847
1013	0.1429033301	0.0644549847
1014	0.1429033301	0.06445015683
1015	0.1429033301	0.06444683039
1016	0.1429033301	0.06444482376
1017	0.1423027167	0.06444145691
1018	0.1423027167	0.0644286574
1019	0.1417017147	0.06441921932
1020	0.1423027167	0.06440421594
1021	0.1423027167	0.064402641
1022	0.1423027167	0.06440147393
1023	0.1423027167	0.06439412355
1024	0.1429033301	0.06438581617
1025	0.1429033301	0.06438224587
1026	0.1429033301	0.06437637024
1027	0.1423027167	0.06437082121
1028	0.1429033301	0.06436959595
1029	0.1429033301	0.06436758399
1030	0.1429033301	0.06436211358
1031	0.1429033301	0.06436064518
1032	0.1423027167	0.064356271
1033	0.1423027167	0.06435384166
1034	0.1423027167	0.06435190989
1035	0.1435035553	0.06434693038
1036	0.1435035553	0.06434236265
1037	0.1435035553	0.06433700067
1038	0.1435035553	0.06433043955
1039	0.1435035553	0.06432296565
1040	0.1435035553	0.06432130242
1041	0.1435035553	0.06431640222
1042	0.1429033301	0.06431216053
1043	0.1435035553	0.0643077892
1044	0.1441033926	0.06429741544
1045	0.1441033926	0.06429481443
1046	0.1441033926	0.06429238485
1047	0.1441033926	0.06429030302
1048	0.1441033926	0.06427639929
1049	0.1435035553	0.06427222277
1050	0.1435035553	0.06426414909
1051	0.1435035553	0.06425365141
1052	0.1435035553	0.06424837135
1053	0.1435035553	0.0642423609
1054	0.1435035553	0.06423945581
1055	0.1435035553	0.06423506141
1056	0.1435035553	0.06422184129
1057	0.1435035553	0.06421592716
1058	0.1435035553	0.06420269303
1059	0.1435035553	0.06420111471
1060	0.1435035553	0.06419688141
1061	0.1435035553	0.06419604549
1062	0.1441499677	0.06418805428
1063	0.1441499677	0.06418415752
1064	0.1453488372	0.06417524176
1065	0.1465461588	0.06416468844
1066	0.1465461588	0.06415615777
1067	0.1459476913	0.0641465572
1068	0.1459476913	0.06413796915
1069	0.1465461588	0.0641281293
1070	0.1459476913	0.06411398494
1071	0.1459476913	0.06410580032
1072	0.1459476913	0.06410478292
1073	0.1459476913	0.06409980675
1074	0.1465461588	0.06409589547
1075	0.1465461588	0.06409138316
1076	0.1465934776	0.06407818606
1077	0.1465934776	0.06407041813
1078	0.1465934776	0.06406941337
1079	0.1465934776	0.06406504835
1080	0.1465934776	0.06406447021
1081	0.1471917366	0.06405708404
1082	0.1471917366	0.06405111924
1083	0.1477896096	0.06404443628
1084	0.1477896096	0.06404165311
1085	0.1477896096	0.06403902281
1086	0.1477896096	0.06403078793
1087	0.1477896096	0.06402584139
1088	0.1477896096	0.06401265378
1089	0.1477896096	0.06400039017
1090	0.1471917366	0.06399726684
1091	0.1471917366	0.06398790755
1092	0.1471917366	0.06398322711
1093	0.1471917366	0.06397865762
1094	0.1483870968	0.06397290439
1095	0.1483870968	0.06397083423
1096	0.1483870968	0.06396390954
1097	0.1483870968	0.06396072787
1098	0.1483870968	0.06395270075
1099	0.1477896096	0.06394961289
1100	0.1477896096	0.06394827531
1101	0.1477896096	0.0639361374
1102	0.1477896096	0.06393039465
1103	0.1477896096	0.06392516545
1104	0.1483870968	0.06391702909
1105	0.1477896096	0.06390899389
1106	0.1477896096	0.06390202037
1107	0.1477896096	0.06390066253
1108	0.1477896096	0.06389672996
1109	0.1477896096	0.06388827656
1110	0.1483870968	0.06387847073
1111	0.1483870968	0.06387373064
1112	0.1489841986	0.06386793383
1113	0.1483870968	0.06386462084
1114	0.1489841986	0.0638640455
1115	0.1489841986	0.06386150788
1116	0.1489841986	0.06386011886
1117	0.1489841986	0.06385114415
1118	0.1489841986	0.06384111053
1119	0.1489841986	0.06382876843
1120	0.1489841986	0.06382285347
1121	0.1495809155	0.06381810286
1122	0.1495809155	0.06381573169
1123	0.1495809155	0.06381144157
1124	0.1495809155	0.06380665205
1125	0.1501772478	0.06379799389
1126	0.1501772478	0.06378704475
1127	0.1501772478	0.06378440706
1128	0.1495809155	0.06378392253
1129	0.1489841986	0.06377252793
1130	0.1495809155	0.06376817014
1131	0.1495809155	0.06376266675
1132	0.1495809155	0.06374891179
1133	0.1495809155	0.06373928679
1134	0.1489841986	0.06373315769
1135	0.1489841986	0.06373154064
1136	0.1489841986	0.06372959538
1137	0.1489841986	0.06372182557
1138	0.1489841986	0.06371510921
1139	0.1501772478	0.06371046245
1140	0.1501772478	0.06370726853
1141	0.1501772478	0.06369898917
1142	0.1501772478	0.06368936698
1143	0.1501772478	0.06368671825
1144	0.1501772478	0.06367769709
1145	0.1501772478	0.06367670542
1146	0.1501772478	0.06366561518
1147	0.1501772478	0.06365933559
1148	0.1501772478	0.0636512711
1149	0.1501772478	0.06364119686
1150	0.1501772478	0.06363642972
1151	0.1501772478	0.06362523416
1152	0.1501772478	0.06361500324
1153	0.1495809155	0.06361234069
1154	0.1501772478	0.06361034078
1155	0.1507731959	0.0636053736
1156	0.1507731959	0.06360426333
1157	0.1507731959	0.06360013956
1158	0.1507731959	0.06359456881
1159	0.1507731959	0.06358325846
1160	0.1507731959	0.06357957496
1161	0.1507731959	0.06356871036
1162	0.1507731959	0.06355757652
1163	0.1507731959	0.06355331558
1164	0.1507731959	0.06355186137
1165	0.1507731959	0.06354530142
1166	0.1507731959	0.06354212959
1167	0.1501772478	0.06353674257
1168	0.1501772478	0.06353439063
1169	0.1501772478	0.06353270187
1170	0.1501772478	0.06353215123
1171	0.1495809155	0.06352196563
1172	0.1495809155	0.06351752586
1173	0.1495809155	0.06350502382
1174	0.1495809155	0.06350127948
1175	0.1495809155	0.06349287907
1176	0.1501772478	0.06348920828
1177	0.1513687601	0.06348868563
1178	0.1519639408	0.06348739675
1179	0.1513687601	0.0634675849
1180	0.1513687601	0.06345948744
1181	0.1513687601	0.0634583509
1182	0.1513687601	0.0634483066
1183	0.1513687601	0.06344656791
1184	0.1513687601	0.06344315378
1185	0.1513687601	0.06343821259
1186	0.1513687601	0.06343498582
1187	0.1513687601	0.06342132053
1188	0.1513687601	0.06341984812
1189	0.1507731959	0.06340701829
1190	0.1513687601	0.06339111144
1191	0.1507731959	0.06338195656
1192	0.1507731959	0.06336900534
1193	0.1513687601	0.06335784456
1194	0.1513687601	0.06335238528
1195	0.1513687601	0.06333602997
1196	0.1519639408	0.06332070456
1197	0.1519639408	0.06331798953
1198	0.1519639408	0.06331063521
1199	0.1519639408	0.06330438349
1200	0.1519639408	0.06329699556
1201	0.1519639408	0.06328978375
1202	0.1525587383	0.06328752796
1203	0.1525587383	0.06328406553
1204	0.1531531532	0.06328187709
1205	0.1525587383	0.06327950575
1206	0.1537471856	0.06327521869
1207	0.1531531532	0.06327225778
1208	0.154340836	0.06325659605
1209	0.1537471856	0.06324242763
1210	0.154340836	0.0632381971
1211	0.154340836	0.06323241867
1212	0.1549341048	0.06322383835
1213	0.1549341048	0.06322290693
1214	0.1549341048	0.06321777026
1215	0.1537471856	0.06321130167
1216	0.1537471856	0.06320664861
1217	0.154340836	0.06320472657
1218	0.1537471856	0.06320018231
1219	0.1537471856	0.06319956526
1220	0.1537471856	0.06319086197
1221	0.1537471856	0.06317717408
1222	0.1537471856	0.0631733373
1223	0.154340836	0.0631711765
1224	0.154340836	0.06315948553
1225	0.1549341048	0.06315634304
1226	0.1549341048	0.06314825812
1227	0.1549341048	0.06313985013
1228	0.1549341048	0.06313322541
1229	0.1549341048	0.06312936953
1230	0.1549341048	0.06311807205
1231	0.1549341048	0.06311396591
1232	0.154340836	0.06310059941
1233	0.1555269923	0.06309624461
1234	0.1555269923	0.06309600831
1235	0.1555269923	0.06309073901
1236	0.1549341048	0.0630759235
1237	0.154340836	0.06307213567
1238	0.1549341048	0.06307115012
1239	0.1549341048	0.06306842225
1240	0.1555269923	0.0630671153
1241	0.1561194989	0.06306019316
1242	0.1561194989	0.06305879857
1243	0.1561194989	0.0630560251
1244	0.1561194989	0.06304690207
1245	0.1555269923	0.06304231054
1246	0.1561194989	0.06303753375
1247	0.1561194989	0.06303427421
1248	0.1567116249	0.06302333446
1249	0.1573033708	0.06302227121
1250	0.1567116249	0.06301832414
1251	0.1567116249	0.06300227713
1252	0.1567116249	0.06299848791
1253	0.1567116249	0.06299703277
1254	0.1567116249	0.06299057286
1255	0.1567116249	0.0629885092
1256	0.1567116249	0.06297625832
1257	0.1567116249	0.06297300934
1258	0.1567116249	0.0629669836
1259	0.1567116249	0.06295892989
1260	0.1573033708	0.06295433472
1261	0.1578947368	0.06294873159
1262	0.1584857235	0.06294570013
1263	0.1578947368	0.06294027731
1264	0.1578947368	0.0629355403
1265	0.1578947368	0.06292924759
1266	0.1573033708	0.06292635449
1267	0.1573033708	0.06292193209
1268	0.1573033708	0.06291167346
1269	0.1578947368	0.06289683725
1270	0.1578947368	0.0628866338
1271	0.1578947368	0.06288535679
1272	0.1578947368	0.06288274753
1273	0.1578947368	0.06287731822
1274	0.1578947368	0.062873767
1275	0.1578947368	0.06286461491
1276	0.1578947368	0.06285512056
1277	0.1578947368	0.06284969264
1278	0.1578947368	0.06284687494
1279	0.1578947368	0.06284463584
1280	0.1578947368	0.06283652339
1281	0.1578947368	0.06282989479
1282	0.1573033708	0.0628182232
1283	0.1578947368	0.06281638454
1284	0.1578947368	0.06280829647
1285	0.1578947368	0.0628028982
1286	0.1578947368	0.06278464316
1287	0.1573033708	0.06278334013
1288	0.1567116249	0.06277229228
1289	0.1567116249	0.06275881167
1290	0.1573033708	0.06275438081
1291	0.1573033708	0.06274446175
1292	0.1578947368	0.06273644425
1293	0.1578947368	0.06273376649
1294	0.1578947368	0.06272390654
1295	0.1578947368	0.06271371769
1296	0.1573033708	0.06269830803
1297	0.1578947368	0.06269485706
1298	0.1578947368	0.06268301091
1299	0.1578947368	0.06268083935
1300	0.1578947368	0.06267398451
1301	0.1578947368	0.06266693044
1302	0.1578947368	0.06266202073
1303	0.1578947368	0.06265831861
1304	0.1578947368	0.06264697302
1305	0.1578947368	0.06264516507
1306	0.1573033708	0.06264274473
1307	0.1573033708	0.06263298391
1308	0.1573033708	0.06262213119
1309	0.1578947368	0.06261725846
1310	0.1573033708	0.06261566461
1311	0.1578947368	0.06261476481
1312	0.159076331	0.06261349806
1313	0.159076331	0.06261240605
1314	0.159076331	0.06260397085
1315	0.1584857235	0.06259668675
1316	0.159076331	0.06259405645
1317	0.159076331	0.0625896342
1318	0.1596665598	0.06258376936
1319	0.159076331	0.06258130352
1320	0.1602564103	0.06257294773
1321	0.1602564103	0.06256876664
1322	0.1602564103	0.06256473457
1323	0.1602564103	0.0625601125
1324	0.1602564103	0.0625591341
1325	0.1602564103	0.06255671499
1326	0.1602564103	0.06255028466
1327	0.1602564103	0.06254897578
1328	0.1602564103	0.06254340183
1329	0.1602564103	0.06253451362
1330	0.1608458827	0.06252570964
1331	0.1608458827	0.06251588464
1332	0.1608458827	0.06251542534
1333	0.1608458827	0.06251221408
1334	0.1608458827	0.0625082026
1335	0.1608458827	0.06250053698
1336	0.1608458827	0.06249882608
1337	0.1608458827	0.0624974925
1338	0.1608458827	0.06249542703
1339	0.1602564103	0.06249253032
1340	0.1608458827	0.06249085415
1341	0.1608458827	0.06248848304
1342	0.1614349776	0.06248584723
1343	0.1614349776	0.0624796289
1344	0.1614349776	0.06247571292
1345	0.1614349776	0.06247514364
1346	0.1614349776	0.06247262717
1347	0.1614349776	0.06246711305
1348	0.1626120359	0.06246157777
1349	0.1626120359	0.06244913358
1350	0.1626120359	0.06244249151
1351	0.1626120359	0.0624321628
1352	0.1632	0.06243042941
1353	0.1626120359	0.0624188845
1354	0.1632	0.06241530938
1355	0.1626120359	0.06241242518
1356	0.1626120359	0.06240352362
1357	0.1626120359	0.06239945569
1358	0.1626120359	0.06238967051
1359	0.1626120359	0.06237528857
1360	0.1632	0.0623713202
1361	0.1626120359	0.06236214497
1362	0.163787588	0.06235498826
1363	0.1632	0.06234048989
1364	0.1626120359	0.06232724631
1365	0.1632	0.06231937367
1366	0.1632	0.06231577847
1367	0.1632	0.06231095406
1368	0.1632	0.06230850275
1369	0.1643748001	0.06230346754
1370	0.1643748001	0.06229958758
1371	0.1643748001	0.06229262083
1372	0.1643748001	0.06228883835
1373	0.163787588	0.06228386304
1374	0.163787588	0.06228187657
1375	0.163787588	0.0622793799
1376	0.163787588	0.06227111546
1377	0.163787588	0.0622674183
1378	0.1632	0.06225871018
1379	0.163787588	0.06225218169
1380	0.163787588	0.06224966094
1381	0.163787588	0.06224460115
1382	0.163787588	0.06224089418
1383	0.163787588	0.06223637228
1384	0.163787588	0.06223357835
1385	0.163787588	0.06222714651
1386	0.163787588	0.06222332132
1387	0.1643748001	0.06221444917
1388	0.1643748001	0.06220157537
1389	0.1643748001	0.06219768204
1390	0.1643748001	0.06219680173
1391	0.1643748001	0.06219242056
1392	0.1643748001	0.06218576268
1393	0.1643748001	0.06218441122
1394	0.1643748001	0.0621784993
1395	0.1649616368	0.06217456052
1396	0.1643748001	0.06216903019
1397	0.1649616368	0.06215785837
1398	0.1643748001	0.06215430596
1399	0.163787588	0.06215243533
1400	0.1643748001	0.0621496444
1401	0.1649616368	0.06214916089
1402	0.1643748001	0.06213361727
1403	0.1649616368	0.06213147568
1404	0.1649616368	0.06212414232
1405	0.1655480984	0.06211474112
1406	0.1655480984	0.06210837146
1407	0.1655480984	0.06209946613
1408	0.1655480984	0.06209140215
1409	0.1655480984	0.06208471821
1410	0.1649616368	0.06207310519
1411	0.1655480984	0.06205790617
1412	0.1655480984	0.0620559302
1413	0.1655480984	0.06205310908
1414	0.1655480984	0.06204133768
1415	0.1661341853	0.06203906565
1416	0.1661341853	0.06203547692
1417	0.1661341853	0.06203371693
1418	0.1661341853	0.06202423499
1419	0.1661341853	0.06201451736
1420	0.1661341853	0.06200723756
1421	0.1667198978	0.06199087114
1422	0.1667198978	0.06197969413
1423	0.1667198978	0.06197391617
1424	0.1661341853	0.06196712954
1425	0.1661341853	0.06196284984
1426	0.1655480984	0.06195130596
1427	0.1661341853	0.06194390225
1428	0.1661341853	0.06193835757
1429	0.1661341853	0.06193343275
1430	0.1661341853	0.06192803693
1431	0.1661341853	0.06192679711
1432	0.1661341853	0.06191804795
1433	0.1661341853	0.06191032182
1434	0.1661341853	0.0619049943
1435	0.1673052363	0.06190202973
1436	0.1678902011	0.06190066087
1437	0.1678902011	0.06189052951
1438	0.1678902011	0.06188871043
1439	0.1678902011	0.06187996505
1440	0.1678902011	0.06187876272
1441	0.1678902011	0.06187644082
1442	0.1678902011	0.06186710429
1443	0.1678902011	0.06186625231
1444	0.1678902011	0.06186289261
1445	0.1678902011	0.0618585407
1446	0.1678902011	0.0618572558
1447	0.1678902011	0.06184680571
1448	0.1678902011	0.06184587273
1449	0.1678902011	0.06184293409
1450	0.1678902011	0.06183046381
1451	0.1678902011	0.06182763603
1452	0.1678902011	0.06182528167
1453	0.1678902011	0.06180983888
1454	0.1684747926	0.06180699209
1455	0.1684747926	0.06180506282
1456	0.1684747926	0.06180170732
1457	0.1678902011	0.06179098609
1458	0.1684747926	0.06178225818
1459	0.1684747926	0.06177706959
1460	0.1684747926	0.06177462136
1461	0.1684747926	0.06177165235
1462	0.1684747926	0.06176897165
1463	0.1684747926	0.06176401606
1464	0.1684747926	0.06174520189
1465	0.1684747926	0.061738994
1466	0.1684747926	0.06172967853
1467	0.1684747926	0.06172891197
1468	0.1684747926	0.06172687484
1469	0.1684747926	0.06172345556
1470	0.1684747926	0.061715002
1471	0.1684747926	0.06170495063
1472	0.1684747926	0.06170131397
1473	0.1690590112	0.0616975296
1474	0.1690590112	0.06169697311
1475	0.1690590112	0.06169147729
1476	0.1684747926	0.06168768478
1477	0.1684747926	0.06168242521
1478	0.1684747926	0.0616776779
1479	0.1684747926	0.06167645685
1480	0.1690590112	0.06166644443
1481	0.1696428571	0.06166278496
1482	0.1696428571	0.06165969545
1483	0.1690590112	0.06165653932
1484	0.1690590112	0.06165134744
1485	0.1690590112	0.06164693394
1486	0.1690590112	0.06164172055
1487	0.1690590112	0.06163360401
1488	0.1696428571	0.06162945957
1489	0.1696428571	0.06162015366
1490	0.1696428571	0.06161422241
1491	0.1702263309	0.06161178216
1492	0.1702263309	0.0616083224
1493	0.1702263309	0.06160685301
1494	0.1702263309	0.06160533424
1495	0.1702263309	0.06160357846
1496	0.1708094328	0.06159572551
1497	0.1713921631	0.06158567521
1498	0.1708094328	0.06158457134
1499	0.1702263309	0.06157606965
1500	0.1702263309	0.06157462483
1501	0.1702263309	0.06156357681
1502	0.1702263309	0.06156297342
1503	0.1708094328	0.06155181872
1504	0.1708094328	0.06154935992
1505	0.1708094328	0.06154423419
1506	0.1713921631	0.06152786908
1507	0.1713921631	0.06152007653
1508	0.1713921631	0.06151719095
1509	0.1713921631	0.06151582117
1510	0.1713921631	0.06150130993
1511	0.1713921631	0.06149655996
1512	0.1713921631	0.06149559613
1513	0.1719745223	0.06149341042
1514	0.1719745223	0.06148081653
1515	0.1719745223	0.06147742597
1516	0.1725565107	0.06147073155
1517	0.1731381286	0.06146496317
1518	0.1719745223	0.06145779262
1519	0.1719745223	0.06145165374
1520	0.1719745223	0.06144658695
1521	0.1725565107	0.06144561158
1522	0.1725565107	0.06144132799
1523	0.1725565107	0.06143800659
1524	0.1725565107	0.06143252179
1525	0.1725565107	0.06142099921
1526	0.1719745223	0.06141800692
1527	0.1725565107	0.06141221868
1528	0.1725565107	0.06140696652
1529	0.1719745223	0.06140325614
1530	0.1719745223	0.0613997149
1531	0.1719745223	0.06139638246
1532	0.1725565107	0.06139282805
1533	0.1725565107	0.06139102217
1534	0.1725565107	0.06138581686
1535	0.1725565107	0.06138236614
1536	0.1725565107	0.06137285061
1537	0.1725565107	0.06137017174
1538	0.1725565107	0.0613657046
1539	0.1725565107	0.06136062112
1540	0.1731381286	0.06135484178
1541	0.1731381286	0.06134692972
1542	0.1731381286	0.06134361881
1543	0.1731381286	0.06134252331
1544	0.1731381286	0.06133452077
1545	0.1731381286	0.06132640785
1546	0.1731381286	0.06131894279
1547	0.1731381286	0.06130947286
1548	0.1725565107	0.06130528346
1549	0.1725565107	0.06129379873
1550	0.1731381286	0.06129052064
1551	0.1737193764	0.06128124194
1552	0.1737193764	0.06127318587
1553	0.1748807631	0.06126276131
1554	0.1743002545	0.06125463188
1555	0.1743002545	0.06125273443
1556	0.1743002545	0.06124228025
1557	0.1743002545	0.0612411623
1558	0.1743002545	0.06123545376
1559	0.1754609027	0.0612304133
1560	0.1754609027	0.06122492899
1561	0.1754609027	0.06121545589
1562	0.1754609027	0.06121218992
1563	0.1754609027	0.06120850929
1564	0.1754609027	0.06120383857
1565	0.1754609027	0.06120301042
1566	0.1754609027	0.06119411868
1567	0.1754609027	0.06117955691
1568	0.1754609027	0.06117735855
1569	0.1754609027	0.06117438235
1570	0.1754609027	0.06117149095
1571	0.1760406737	0.06116208982
1572	0.1760406737	0.06115733276
1573	0.1760406737	0.06115388935
1574	0.1760406737	0.06114576888
1575	0.1760406737	0.06114133021
1576	0.1766200762	0.06113567443
1577	0.1766200762	0.06112875524
1578	0.1766200762	0.06112681682
1579	0.1766200762	0.06112024983
1580	0.1766200762	0.06110654872
1581	0.1771991108	0.06109968498
1582	0.1771991108	0.06109494612
1583	0.1771991108	0.06109112229
1584	0.1771991108	0.06108901024
1585	0.1771991108	0.06108840987
1586	0.1777777778	0.06108343363
1587	0.1771991108	0.0610732578
1588	0.1771991108	0.06106963387
1589	0.1771991108	0.06106249176
1590	0.1777777778	0.06105519148
1591	0.1777777778	0.06104917194
1592	0.1777777778	0.06104397166
1593	0.1777777778	0.06103185939
1594	0.1777777778	0.06102838767
1595	0.1777777778	0.06102235329
1596	0.1777777778	0.06102030715
1597	0.1777777778	0.06101519579
1598	0.1777777778	0.0610136603
1599	0.1777777778	0.06101265076
1600	0.1777777778	0.06100453048
1601	0.1777777778	0.06100426801
1602	0.1777777778	0.06099967171
1603	0.1783560774	0.06099334118
1604	0.1783560774	0.06099261926
1605	0.1783560774	0.06099142815
1606	0.1783560774	0.06098109276
1607	0.1783560774	0.06097470478
1608	0.1783560774	0.06096317967
1609	0.1783560774	0.06096111728
1610	0.1783560774	0.06096036222
1611	0.1783560774	0.06095908372
1612	0.1783560774	0.06095769193
1613	0.1783560774	0.0609560445
1614	0.1783560774	0.06095353307
1615	0.1783560774	0.06095249653
1616	0.1783560774	0.06094278395
1617	0.1783560774	0.06093639632
1618	0.1783560774	0.06092883767
1619	0.1783560774	0.06091764606
1620	0.1783560774	0.06091449167
1621	0.1777777778	0.06090672638
1622	0.1777777778	0.06090168921
1623	0.1777777778	0.06090064644
1624	0.1777777778	0.06089947967
1625	0.1777777778	0.06089509707
1626	0.1777777778	0.06089331961
1627	0.1777777778	0.06089102002
1628	0.1777777778	0.06088577962
1629	0.1777777778	0.06088550617
1630	0.1777777778	0.06088471409
1631	0.1777777778	0.06087411632
1632	0.1777777778	0.06087246512
1633	0.1777777778	0.06086559194
1634	0.1777777778	0.06086293762
1635	0.1783560774	0.0608543694
1636	0.1783560774	0.0608525341
1637	0.1777777778	0.06084770681
1638	0.1783560774	0.06084418714
1639	0.1783560774	0.06084256507
1640	0.1783560774	0.06083226565
1641	0.1783560774	0.06082438028
1642	0.1783560774	0.06081592496
1643	0.1783560774	0.0608066813
1644	0.1783560774	0.06080157891
1645	0.1777777778	0.06079730637
1646	0.1777777778	0.06079077645
1647	0.1783560774	0.06078479604
1648	0.1777777778	0.06078130923
1649	0.1777777778	0.06077679003
1650	0.1777777778	0.0607744272
1651	0.1777777778	0.06077122098
1652	0.1777777778	0.06076996208
1653	0.1783560774	0.06076858942
1654	0.1783560774	0.06076460332
1655	0.1783560774	0.0607626562
1656	0.1783560774	0.06076233309
1657	0.1789340102	0.06075087032
1658	0.1789340102	0.06073956453
1659	0.1789340102	0.06073864891
1660	0.1789340102	0.06073179796
1661	0.1789340102	0.06073094759
1662	0.1789340102	0.06071623405
1663	0.1789340102	0.0607137612
1664	0.1789340102	0.06071311648
1665	0.1789340102	0.06070778788
1666	0.1789340102	0.06070583597
1667	0.1795115763	0.0607046046
1668	0.1800887762	0.06070401676
1669	0.1800887762	0.06070251468
1670	0.1800887762	0.06069964125
1671	0.1800887762	0.0606959093
1672	0.1800887762	0.06068828093
1673	0.1800887762	0.06067411165
1674	0.1795115763	0.06067110493
1675	0.1795115763	0.06066967093
1676	0.1800887762	0.06066581647
1677	0.1800887762	0.06065813057
1678	0.1800887762	0.06065172541
1679	0.1800887762	0.06064701511
1680	0.1800887762	0.06063881141
1681	0.1800887762	0.06063804049
1682	0.1800887762	0.0606354238
1683	0.1800887762	0.06062835476
1684	0.1800887762	0.0606244744
1685	0.1800887762	0.06061531228
1686	0.1806656101	0.0606096046
1687	0.1806656101	0.06059879877
1688	0.1806656101	0.0605884351
1689	0.1806656101	0.06058446959
1690	0.1800887762	0.06057798344
1691	0.1800887762	0.06056711114
1692	0.1800887762	0.06056093138
1693	0.1800887762	0.06055325581
1694	0.1806656101	0.06055031201
1695	0.1806656101	0.06055006527
1696	0.1806656101	0.06054871616
1697	0.1806656101	0.06054308689
1698	0.1806656101	0.06053683247
1699	0.1806656101	0.06053499686
1700	0.1806656101	0.06052958704
1701	0.1806656101	0.06052226684
1702	0.1806656101	0.06052189696
1703	0.1806656101	0.06051157491
1704	0.1806656101	0.06049808823
1705	0.1806656101	0.06048987219
1706	0.1806656101	0.06048169144
1707	0.1806656101	0.06047523948
1708	0.1806656101	0.06045706517
1709	0.1806656101	0.06044693291
1710	0.1806656101	0.0604400218
1711	0.1806656101	0.06043518584
1712	0.1806656101	0.06042119269
1713	0.1806656101	0.06041721333
1714	0.1806656101	0.06041384929
1715	0.1806656101	0.06040912577
1716	0.1806656101	0.06040035822
1717	0.1806656101	0.0603994001
1718	0.1806656101	0.06039187331
1719	0.1806656101	0.06038796629
1720	0.1806656101	0.06038437593
1721	0.1806656101	0.06038215865
1722	0.1800887762	0.06037927459
1723	0.1800887762	0.06037325122
1724	0.1800887762	0.06037011708
1725	0.1800887762	0.06036008626
1726	0.1800887762	0.06034896604
1727	0.1800887762	0.06034445911
1728	0.1800887762	0.06033922523
1729	0.1800887762	0.06033496087
1730	0.1800887762	0.06033069599
1731	0.1800887762	0.06032950334
1732	0.1806656101	0.06032794292
1733	0.1806656101	0.06032660996
1734	0.1806656101	0.06032329442
1735	0.1806656101	0.06032029692
1736	0.1806656101	0.06031211658
1737	0.1812420786	0.06030973
1738	0.1812420786	0.06029991971
1739	0.1812420786	0.06029650477
1740	0.1812420786	0.06029267532
1741	0.1812420786	0.06028787222
1742	0.1812420786	0.06028458275
1743	0.1818181818	0.06027851554
1744	0.1818181818	0.06027277936
1745	0.1818181818	0.06026849322
1746	0.1818181818	0.06026728281
1747	0.1818181818	0.06026676637
1748	0.1818181818	0.06025338297
1749	0.1823939202	0.06024272405
1750	0.1823939202	0.06024100257
1751	0.1818181818	0.06023615027
1752	0.1818181818	0.06023284473
1753	0.1818181818	0.06022404858
1754	0.1818181818	0.06022306291
1755	0.1818181818	0.06021232555
1756	0.1823939202	0.06020930678
1757	0.1823939202	0.06020136803
1758	0.1829692941	0.06019518281
1759	0.1829692941	0.06018631584
1760	0.1823939202	0.06017832923
1761	0.1823939202	0.06017449453
1762	0.1823939202	0.06016364375
1763	0.1823939202	0.06016031563
1764	0.1823939202	0.06015142462
1765	0.1829692941	0.06014653337
1766	0.1829692941	0.06014235683
1767	0.1829692941	0.0601419039
1768	0.1829692941	0.06013533666
1769	0.1829692941	0.06012780016
1770	0.1835443038	0.06011793459
1771	0.1835443038	0.06011254466
1772	0.1835443038	0.06010811673
1773	0.1835443038	0.0601064397
1774	0.1835443038	0.0601056653
1775	0.1835443038	0.06010230305
1776	0.1835443038	0.06010194366
1777	0.1835443038	0.0600985254
1778	0.1846932321	0.06009695948
1779	0.1846932321	0.06008833851
1780	0.1852671514	0.06008265127
1781	0.1852671514	0.06007335428
1782	0.1852671514	0.06007263983
1783	0.1852671514	0.06006906048
1784	0.1852671514	0.0600670455
1785	0.1852671514	0.06006524384
1786	0.1852671514	0.06006412234
1787	0.1846932321	0.06006073305
1788	0.1846932321	0.06005008394
1789	0.1846932321	0.06004813417
1790	0.1846932321	0.06004238592
1791	0.1852671514	0.0600409493
1792	0.1852671514	0.06003681795
1793	0.1852671514	0.0600361105
1794	0.1852671514	0.06003420182
1795	0.1852671514	0.06003040754
1796	0.1852671514	0.06002904073
1797	0.1852671514	0.06002529807
1798	0.1852671514	0.0600204454
1799	0.1852671514	0.060011882
1800	0.1852671514	0.06001133274
1801	0.185840708	0.0600006149
1802	0.185840708	0.05999724198
1803	0.1864139021	0.05999204851
1804	0.1864139021	0.05998435478
1805	0.185840708	0.05997989569
1806	0.1864139021	0.05997132912
1807	0.1864139021	0.05996889302
1808	0.1864139021	0.05996289875
1809	0.186986734	0.05995947433
1810	0.186986734	0.05994803977
1811	0.186986734	0.05993907582
1812	0.186986734	0.05993851092
1813	0.186986734	0.05993734182
1814	0.186986734	0.05992543501
1815	0.1864139021	0.05991447601
1816	0.1864139021	0.05989925553
1817	0.1864139021	0.05989095425
1818	0.1864139021	0.05988062057
1819	0.1864139021	0.05986896936
1820	0.1864139021	0.05986051722
1821	0.1864139021	0.0598505096
1822	0.1864139021	0.05984628117
1823	0.1864139021	0.05984157753
1824	0.1864139021	0.05984104769
1825	0.1864139021	0.05984017826
1826	0.186986734	0.05983395964
1827	0.186986734	0.05981958207
1828	0.186986734	0.05981441767
1829	0.186986734	0.05981306493
1830	0.186986734	0.05980932224
1831	0.1864139021	0.05980328395
1832	0.1864139021	0.05979986644
1833	0.1864139021	0.05979871379
1834	0.1864139021	0.05979827355
1835	0.1864139021	0.05979077791
1836	0.186986734	0.0597885283
1837	0.186986734	0.05978813308
1838	0.186986734	0.05978452736
1839	0.186986734	0.05977852913
1840	0.1881313131	0.05977160507
1841	0.1881313131	0.05976439858
1842	0.1881313131	0.05975877868
1843	0.1881313131	0.05975625632
1844	0.1887030609	0.05974930736
1845	0.1887030609	0.05974520981
1846	0.1892744479	0.05974032769
1847	0.1887030609	0.05973849697
1848	0.1887030609	0.05972530473
1849	0.1887030609	0.05971716539
1850	0.1887030609	0.05971400262
1851	0.1881313131	0.05970437469
1852	0.1881313131	0.05970155404
1853	0.1881313131	0.05969621127
1854	0.1881313131	0.05968706529
1855	0.1887030609	0.05968153772
1856	0.1881313131	0.05967277473
1857	0.1887030609	0.05966551006
1858	0.1892744479	0.05965538637
1859	0.1887030609	0.05965303085
1860	0.1887030609	0.05964645572
1861	0.1887030609	0.05964399315
1862	0.1887030609	0.05964040883
1863	0.1887030609	0.05963982604
1864	0.1887030609	0.05962454478
1865	0.1887030609	0.05961284319
1866	0.1887030609	0.05960828958
1867	0.1887030609	0.05960143229
1868	0.1887030609	0.05960049648
1869	0.1887030609	0.05960000393
1870	0.1887030609	0.05959269258
1871	0.1887030609	0.05958177533
1872	0.1892744479	0.05957817412
1873	0.1892744479	0.05957611237
1874	0.1892744479	0.05957019665
1875	0.1887626263	0.05956574253
1876	0.1887626263	0.0595640007
1877	0.1887626263	0.05955909263
1878	0.1887626263	0.0595583877
1879	0.1893341748	0.05955226477
1880	0.1893341748	0.05954743851
1881	0.1893341748	0.05954644853
1882	0.1893341748	0.05954055061
1883	0.1893341748	0.05953476352
1884	0.1893341748	0.05952856045
1885	0.1893341748	0.05952611319
1886	0.1893341748	0.05952405673
1887	0.1893341748	0.05951896217
1888	0.1893341748	0.05951249123
1889	0.1893341748	0.05950846251
1890	0.1893341748	0.05950410998
1891	0.1893341748	0.05950285194
1892	0.1893341748	0.05949307712
1893	0.1893341748	0.05949260136
1894	0.1893341748	0.05949030605
1895	0.1893341748	0.05948424888
1896	0.1893341748	0.05948182389
1897	0.1893341748	0.05948155906
1898	0.1899053628	0.05947103504
1899	0.1899053628	0.05946583273
1900	0.1893341748	0.05946188059
1901	0.1893341748	0.05945663361
1902	0.1893341748	0.05945106328
1903	0.1893341748	0.05944755527
1904	0.1893341748	0.05943550544
1905	0.1893341748	0.05943332152
1906	0.1899053628	0.05943116693
1907	0.1899053628	0.05942973761
1908	0.1899053628	0.05942447507
1909	0.1899053628	0.05942421198
1910	0.1899053628	0.05942102756
1911	0.1899053628	0.05941621275
1912	0.1904761905	0.05941088735
1913	0.1899053628	0.05940101623
1914	0.1893341748	0.0593987666
1915	0.1904761905	0.05939200484
1916	0.1899053628	0.05938566672
1917	0.1899053628	0.05938143432
1918	0.1899053628	0.05938057662
1919	0.1904761905	0.05936902561
1920	0.1904761905	0.05936653801
1921	0.1904761905	0.05936604723
1922	0.1904761905	0.05936335471
1923	0.1904761905	0.05935210622
1924	0.1904761905	0.05934717189
1925	0.1904761905	0.05933882515
1926	0.1904761905	0.05933366306
1927	0.1904761905	0.05933281121
1928	0.1904761905	0.05932963821
1929	0.1904761905	0.05932276482
1930	0.1904761905	0.05931198719
1931	0.1904761905	0.0592979031
1932	0.1904761905	0.05929239947
1933	0.1904761905	0.05928741323
1934	0.1904761905	0.05927971373
1935	0.1904761905	0.05927706425
1936	0.1910466583	0.05926798714
1937	0.1910466583	0.0592634602
1938	0.1910466583	0.05925362146
1939	0.1904761905	0.0592502408
1940	0.1893341748	0.0592385121
1941	0.1893341748	0.05922989964
1942	0.1899053628	0.05921956888
1943	0.1899652887	0.05921649304
1944	0.1899652887	0.05921384394
1945	0.1899652887	0.0592039738
1946	0.1911069063	0.05920016133
1947	0.1911069063	0.05919786151
1948	0.1905362776	0.05919120394
1949	0.1905362776	0.05918515816
1950	0.1905362776	0.059181396
1951	0.1911069063	0.05917838399
1952	0.1911069063	0.05917047299
1953	0.1916771753	0.0591699643
1954	0.1911069063	0.05916430815
1955	0.1911069063	0.05915995142
1956	0.1911069063	0.05915028788
1957	0.1911069063	0.05915009419
1958	0.1911069063	0.05914767131
1959	0.1911069063	0.05914686382
1960	0.1911069063	0.059144714
1961	0.1911069063	0.05913565585
1962	0.1916771753	0.05913346879
1963	0.1916771753	0.05913053389
1964	0.1911069063	0.0591224373
1965	0.1916771753	0.05912133073
1966	0.1916771753	0.05911804673
1967	0.1916771753	0.05911443041
1968	0.1916771753	0.05911410117
1969	0.1916771753	0.05911274876
1970	0.1911069063	0.05909944203
1971	0.1922470848	0.05909228908
1972	0.1922470848	0.05908652378
1973	0.1916771753	0.059075876
1974	0.1916771753	0.05906740253
1975	0.1916771753	0.05905867854
1976	0.1922470848	0.05905464232
1977	0.1922470848	0.05905064563
1978	0.1922470848	0.05904696582
1979	0.1922470848	0.05904058702
1980	0.1916771753	0.05903901089
1981	0.1916771753	0.05903863527
1982	0.1928166352	0.05903376641
1983	0.1928166352	0.05903351293
1984	0.1928166352	0.05902538883
1985	0.1928166352	0.05902302187
1986	0.1928166352	0.05901888947
1987	0.1928166352	0.05901598027
1988	0.1928166352	0.05901482164
1989	0.1928166352	0.05901002105
1990	0.1928166352	0.05900880019
1991	0.1933858268	0.05900616829
1992	0.1928166352	0.05900200089
1993	0.1927559055	0.05899118576
1994	0.1927559055	0.05898569294
1995	0.193324937	0.05898320774
1996	0.193324937	0.05897038669
1997	0.1933858268	0.05896367424
1998	0.193324937	0.0589570718
1999	0.1933858268	0.05895355288
